Pitch,Yaw,Roll
5,357.5,7.5
7.5,176.25,11.25
8.75,85.625,13.125
9.375,40.3125,14.0625
9.6875,17.6562,14.5312
9.84375,6.32812,14.7656
9.92188,0.664062,14.8828
9.96094,357.832,14.9414
9.98047,176.416,14.9707
9.99023,85.708,14.9854
9.99512,40.354,14.9927
9.99756,17.677,14.9963
9.99878,6.3385,14.9982
9.99939,0.66925,14.9991
9.99969,357.835,14.9995
9.99985,176.417,14.9998
9.99994,85.7086,14.9999
9.99997,40.3543,14.9999
10,17.6772,15
10,6.33856,15
10,0.669281,15
10,357.835,15
10,176.417,15
10,85.7087,15
10,40.3543,15
10,17.6772,15
10,6.33859,15
10,0.669312,15
10,357.835,15
10,176.417,15
10,85.7087,15
10,40.3543,15
10,17.6772,15
10,6.33859,15
10,0.669312,15
10,357.835,15
10,176.417,15
10,85.7087,15
10,40.3543,15
10,17.6772,15
10,6.33859,15
10,0.669312,15
10,357.835,15
10,176.417,15
10,85.7087,15
10,40.3543,15
10,17.6772,15
10,6.33859,15
10,0.669312,15
10,357.835,15
10,176.417,15
10,85.7087,15
10,40.3543,15
10,17.6772,15
10,6.33859,15
10,0.669312,15
10,357.835,15
10,176.417,15
10,85.7087,15
10,40.3543,15
10,17.6772,15
10,6.33859,15
10,0.669312,15
10,357.835,15
10,176.417,15
10,85.7087,15
10,40.3543,15
10,17.6772,15
10,6.33859,15
10,0.669312,15
10,357.835,15
10,176.417,15
10,85.7087,15
10,40.3543,15
10,17.6772,15
10,6.33859,15
10,0.669312,15
10,357.835,15
10,176.417,15
10,85.7087,15
10,40.3543,15
10,17.6772,15
10,6.33859,15
10,0.669312,15
10,357.835,15
10,176.417,15
10,85.7087,15
10,40.3543,15
10,17.6772,15
10,6.33859,15
10,0.669312,15
10,357.835,15
10,176.417,15
10,85.7087,15
10,40.3543,15
10,17.6772,15
10,6.33859,15
10,0.669312,15
10,357.835,15
10,176.417,15
10,85.7087,15
10,40.3543,15
10,17.6772,15
10,6.33859,15
10,0.669312,15
10,357.835,15
10,176.417,15
10,85.7087,15
10,40.3543,15
10,17.6772,15
10,6.33859,15
10,0.669312,15
10,357.835,15
10,176.417,15
10,85.7087,15
10,40.3543,15
10,17.6772,15
10,6.33859,15
10,0.669312,15
10,357.835,15
10,176.417,15
10,85.7087,15
10,40.3543,15
10,17.6772,15
10,6.33859,15
10,0.669312,15
10,357.835,15
10,176.417,15
10,85.7087,15
10,40.3543,15
10,17.6772,15
10,6.33859,15
10,0.669312,15
10,357.835,15
10,176.417,15
10,85.7087,15
10,40.3543,15
10,17.6772,15
10,6.33859,15
10,0.669312,15
10,357.835,15
10,176.417,15
10,85.7087,15
10,40.3543,15
10,17.6772,15
10,6.33859,15
10,0.669312,15
10,357.835,15
10,176.417,15
10,85.7087,15
10,40.3543,15
10,17.6772,15
10,6.33859,15
10,0.669312,15
10,357.835,15
10,176.417,15
10,85.7087,15
10,40.3543,15
10,17.6772,15
10,6.33859,15
10,0.669312,15
10,357.835,15
10,176.417,15
10,85.7087,15
10,40.3543,15
10,17.6772,15
10,6.33859,15
10,0.669312,15
10,357.835,15
10,176.417,15
10,85.7087,15
10,40.3543,15
10,17.6772,15
10,6.33859,15
10,0.669312,15
10,357.835,15
10,176.417,15
10,85.7087,15
10,40.3543,15
10,17.6772,15
10,6.33859,15
10,0.669312,15
10,357.835,15
10,176.417,15
10,85.7087,15
10,40.3543,15
10,17.6772,15
10,6.33859,15
10,0.669312,15
10,357.835,15
10,176.417,15
10,85.7087,15
10,40.3543,15
10,17.6772,15
10,6.33859,15
10,0.669312,15
10,357.835,15
10,176.417,15
10,85.7087,15
10,40.3543,15
10,17.6772,15
10,6.33859,15
10,0.669312,15
10,357.835,15
10,176.417,15
10,85.7087,15
10,40.3543,15
10,17.6772,15
10,6.33859,15
10,0.669312,15
10,357.835,15
10,176.417,15
10,85.7087,15
10,40.3543,15
10,17.6772,15
10,6.33859,15
10,0.669312,15
10,357.835,15
10,176.417,15
10,85.7087,15
10,40.3543,15
10,17.6772,15
10,6.33859,15
10,0.669312,15
10,357.835,15
10,176.417,15
10,85.7087,15
10,40.3543,15
10,17.6772,15
10,6.33859,15
10,0.669312,15
10,357.835,15
10,176.417,15
10,85.7087,15
10,40.3543,15
10,17.6772,15
10,6.33859,15
10,0.669312,15
10,357.835,15
10,176.417,15
10,85.7087,15
10,40.3543,15
10,17.6772,15
10,6.33859,15
10,0.669312,15
10,357.835,15
10,176.417,15
10,85.7087,15
10,40.3543,15
10,17.6772,15
10,6.33859,15
10,0.669312,15
10,357.835,15
10,176.417,15
10,85.7087,15
10,40.3543,15
10,17.6772,15
10,6.33859,15
10,0.669312,15
10,357.835,15
10,176.417,15
10,85.7087,15
10,40.3543,15
10,17.6772,15
10,6.33859,15
10,0.669312,15
10,357.835,15
10,176.417,15
10,85.7087,15
10,40.3543,15
10,17.6772,15
10,6.33859,15
10,0.669312,15
10,357.835,15
10,176.417,15
10,85.7087,15
10,40.3543,15
10,17.6772,15
10,6.33859,15
10,0.669312,15
10,357.835,15
10,176.417,15
10,85.7087,15
10,40.3543,15
10,17.6772,15
10,6.33859,15
10,0.669312,15
10,357.835,15
10,176.417,15
10,85.7087,15
10,40.3543,15
10,17.6772,15
10,6.33859,15
10,0.669312,15
10,357.835,15
10,176.417,15
10,85.7087,15
10,40.3543,15
10,17.6772,15
10,6.33859,15
10,0.669312,15
10,357.835,15
10,176.417,15
10,85.7087,15
10,40.3543,15
10,17.6772,15
10,6.33859,15
10,0.669312,15
10,357.835,15
10,176.417,15
10,85.7087,15
10,40.3543,15
10,17.6772,15
10,6.33859,15
10,0.669312,15
10,357.835,15
10,176.417,15
10,85.7087,15
10,40.3543,15
10,17.6772,15
10,6.33859,15
10,0.669312,15
10,357.835,15
10,176.417,15
10,85.7087,15
10,40.3543,15
10,17.6772,15
10,6.33859,15
10,0.669312,15
10,357.835,15
10,176.417,15
10,85.7087,15
10,40.3543,15
10,17.6772,15
10,6.33859,15
10,0.669312,15
10,357.835,15
10,176.417,15
10,85.7087,15
10,40.3543,15
10,17.6772,15
10,6.33859,15
10,0.669312,15
10,357.835,15
10,176.417,15
10,85.7087,15
10,40.3543,15
10,17.6772,15
10,6.33859,15
10,0.669312,15
10,357.835,15
10,176.417,15
10,85.7087,15
10,40.3543,15
10,17.6772,15
10,6.33859,15
10,0.669312,15
10,357.835,15
10,176.417,15
10,85.7087,15
10,40.3543,15
10,17.6772,15
10,6.33859,15
10,0.669312,15
10,357.835,15
10,176.417,15
10,85.7087,15
10,40.3543,15
10,17.6772,15
10,6.33859,15
10,0.669312,15
10,357.835,15
10,176.417,15
10,85.7087,15
10,40.3543,15
10,17.6772,15
10,6.33859,15
10,0.669312,15
10,357.835,15
10,176.417,15
10,85.7087,15
10,40.3543,15
10,17.6772,15
10,6.33859,15
10,0.669312,15
10,357.835,15
10,176.417,15
10,85.7087,15
10,40.3543,15
10,17.6772,15
10,6.33859,15
10,0.669312,15
10,357.835,15
10,176.417,15
10,85.7087,15
10,40.3543,15
10,17.6772,15
10,6.33859,15
10,0.669312,15
10,357.835,15
10,176.417,15
10,85.7087,15
10,40.3543,15
10,17.6772,15
10,6.33859,15
10,0.669312,15
10,357.835,15
10,176.417,15
10,85.7087,15
10,40.3543,15
10,17.6772,15
10,6.33859,15
10,0.669312,15
10,357.835,15
10,176.417,15
10,85.7087,15
10,40.3543,15
10,17.6772,15
10,6.33859,15
10,0.669312,15
10,357.835,15
10,176.417,15
10,85.7087,15
10,40.3543,15
10,17.6772,15
10,6.33859,15
10,0.669312,15
10,357.835,15
10,176.417,15
10,85.7087,15
10,40.3543,15
10,17.6772,15
10,6.33859,15
10,0.669312,15
10,357.835,15
10,176.417,15
10,85.7087,15
10,40.3543,15
10,17.6772,15
10,6.33859,15
10,0.669312,15
10,357.835,15
10,176.417,15
10,85.7087,15
10,40.3543,15
10,17.6772,15
10,6.33859,15
10,0.669312,15
10,357.835,15
10,176.417,15
10,85.7087,15
10,40.3543,15
10,17.6772,15
10,6.33859,15
10,0.669312,15
10,357.835,15
10,176.417,15
10,85.7087,15
10,40.3543,15
10,17.6772,15
10,6.33859,15
10,0.669312,15
10,357.835,15
10,176.417,15
10,85.7087,15
10,40.3543,15
10,17.6772,15
10,6.33859,15
10,0.669312,15
10,357.835,15
10,176.417,15
10,85.7087,15
10,40.3543,15
10,17.6772,15
10,6.33859,15
10,0.669312,15
10,357.835,15
10,176.417,15
10,85.7087,15
10,40.3543,15
10,17.6772,15
10,6.33859,15
10,0.669312,15
10,357.835,15
10,176.417,15
10,85.7087,15
10,40.3543,15
10,17.6772,15
10,6.33859,15
10,0.669312,15
10,357.835,15
10,176.417,15
10,85.7087,15
10,40.3543,15
10,17.6772,15
10,6.33859,15
10,0.669312,15
10,357.835,15
10,176.417,15
10,85.7087,15
10,40.3543,15
10,17.6772,15
10,6.33859,15
10,0.669312,15
10,357.835,15
10,176.417,15
10,85.7087,15
10,40.3543,15
10,17.6772,15
10,6.33859,15
10,0.669312,15
10,357.835,15
10,176.417,15
10,85.7087,15
10,40.3543,15
10,17.6772,15
10,6.33859,15
10,0.669312,15
10,357.835,15
10,176.417,15
10,85.7087,15
10,40.3543,15
10,17.6772,15
10,6.33859,15
10,0.669312,15
10,357.835,15
10,176.417,15
10,85.7087,15
10,40.3543,15
10,17.6772,15
10,6.33859,15
10,0.669312,15
10,357.835,15
10,176.417,15
10,85.7087,15
10,40.3543,15
10,17.6772,15
10,6.33859,15
10,0.669312,15
10,357.835,15
10,176.417,15
10,85.7087,15
10,40.3543,15
10,17.6772,15
10,6.33859,15
10,0.669312,15
10,357.835,15
10,176.417,15
10,85.7087,15
10,40.3543,15
10,17.6772,15
10,6.33859,15
10,0.669312,15
10,357.835,15
10,176.417,15
10,85.7087,15
10,40.3543,15
10,17.6772,15
10,6.33859,15
10,0.669312,15
10,357.835,15
10,176.417,15
10,85.7087,15
10,40.3543,15
10,17.6772,15
10,6.33859,15
10,0.669312,15
10,357.835,15
10,176.417,15
10,85.7087,15
10,40.3543,15
10,17.6772,15
10,6.33859,15
10,0.669312,15
10,357.835,15
10,176.417,15
10,85.7087,15
10,40.3543,15
10,17.6772,15
10,6.33859,15
10,0.669312,15
10,357.835,15
10,176.417,15
10,85.7087,15
10,40.3543,15
10,17.6772,15
10,6.33859,15
10,0.669312,15
10,357.835,15
10,176.417,15
10,85.7087,15
10,40.3543,15
10,17.6772,15
10,6.33859,15
10,0.669312,15
10,357.835,15
10,176.417,15
10,85.7087,15
10,40.3543,15
10,17.6772,15
10,6.33859,15
10,0.669312,15
10,357.835,15
10,176.417,15
10,85.7087,15
10,40.3543,15
10,17.6772,15
10,6.33859,15
10,0.669312,15
10,357.835,15
10,176.417,15
10,85.7087,15
10,40.3543,15
10,17.6772,15
10,6.33859,15
10,0.669312,15
10,357.835,15
10,176.417,15
10,85.7087,15
10,40.3543,15
10,17.6772,15
10,6.33859,15
10,0.669312,15
10,357.835,15
10,176.417,15
10,85.7087,15
10,40.3543,15
10,17.6772,15
10,6.33859,15
10,0.669312,15
10,357.835,15
10,176.417,15
10,85.7087,15
10,40.3543,15
10,17.6772,15
10,6.33859,15
10,0.669312,15
10,357.835,15
10,176.417,15
10,85.7087,15
10,40.3543,15
10,17.6772,15
10,6.33859,15
10,0.669312,15
10,357.835,15
10,176.417,15
10,85.7087,15
10,40.3543,15
10,17.6772,15
10,6.33859,15
10,0.669312,15
10,357.835,15
10,176.417,15
10,85.7087,15
10,40.3543,15
10,17.6772,15
10,6.33859,15
10,0.669312,15
10,357.835,15
10,176.417,15
10,85.7087,15
10,40.3543,15
10,17.6772,15
10,6.33859,15
10,0.669312,15
10,357.835,15
10,176.417,15
10,85.7087,15
10,40.3543,15
10,17.6772,15
10,6.33859,15
10,0.669312,15
10,357.835,15
10,176.417,15
10,85.7087,15
10,40.3543,15
10,17.6772,15
10,6.33859,15
10,0.669312,15
10,357.835,15
10,176.417,15
10,85.7087,15
10,40.3543,15
10,17.6772,15
10,6.33859,15
10,0.669312,15
10,357.835,15
10,176.417,15
10,85.7087,15
10,40.3543,15
10,17.6772,15
10,6.33859,15
10,0.669312,15
10,357.835,15
10,176.417,15
10,85.7087,15
10,40.3543,15
10,17.6772,15
10,6.33859,15
10,0.669312,15
10,357.835,15
10,176.417,15
10,85.7087,15
10,40.3543,15
10,17.6772,15
10,6.33859,15
10,0.669312,15
10,357.835,15
10,176.417,15
10,85.7087,15
10,40.3543,15
10,17.6772,15
10,6.33859,15
10,0.669312,15
10,357.835,15
10,176.417,15
10,85.7087,15
10,40.3543,15
10,17.6772,15
10,6.33859,15
10,0.669312,15
10,357.835,15
10,176.417,15
10,85.7087,15
10,40.3543,15
10,17.6772,15
10,6.33859,15
10,0.669312,15
10,357.835,15
10,176.417,15
10,85.7087,15
10,40.3543,15
10,17.6772,15
10,6.33859,15
10,0.669312,15
10,357.835,15
10,176.417,15
10,85.7087,15
10,40.3543,15
10,17.6772,15
10,6.33859,15
10,0.669312,15
10,357.835,15
10,176.417,15
10,85.7087,15
10,40.3543,15
10,17.6772,15
10,6.33859,15
10,0.669312,15
10,357.835,15
10,176.417,15
10,85.7087,15
10,40.3543,15
10,17.6772,15
10,6.33859,15
10,0.669312,15
10,357.835,15
10,176.417,15
10,85.7087,15
10,40.3543,15
10,17.6772,15
10,6.33859,15
10,0.669312,15
10,357.835,15
10,176.417,15
10,85.7087,15
10,40.3543,15
10,17.6772,15
10,6.33859,15
10,0.669312,15
10,357.835,15
10,176.417,15
10,85.7087,15
10,40.3543,15
10,17.6772,15
10,6.33859,15
10,0.669312,15
10,357.835,15
10,176.417,15
10,85.7087,15
10,40.3543,15
10,17.6772,15
10,6.33859,15
10,0.669312,15
10,357.835,15
10,176.417,15
10,85.7087,15
10,40.3543,15
10,17.6772,15
10,6.33859,15
10,0.669312,15
10,357.835,15
10,176.417,15
10,85.7087,15
10,40.3543,15
10,17.6772,15
10,6.33859,15
10,0.669312,15
10,357.835,15
10,176.417,15
10,85.7087,15
10,40.3543,15
10,17.6772,15
10,6.33859,15
10,0.669312,15
10,357.835,15
10,176.417,15
10,85.7087,15
10,40.3543,15
10,17.6772,15
10,6.33859,15
10,0.669312,15
10,357.835,15
10,176.417,15
10,85.7087,15
10,40.3543,15
10,17.6772,15
10,6.33859,15
10,0.669312,15
10,357.835,15
10,176.417,15
10,85.7087,15
10,40.3543,15
10,17.6772,15
10,6.33859,15
10,0.669312,15
10,357.835,15
10,176.417,15
10,85.7087,15
10,40.3543,15
10,17.6772,15
10,6.33859,15
10,0.669312,15
10,357.835,15
10,176.417,15
10,85.7087,15
10,40.3543,15
10,17.6772,15
10,6.33859,15
10,0.669312,15
10,357.835,15
10,176.417,15
10,85.7087,15
10,40.3543,15
10,17.6772,15
10,6.33859,15
10,0.669312,15
10,357.835,15
10,176.417,15
10,85.7087,15
10,40.3543,15
10,17.6772,15
10,6.33859,15
10,0.669312,15
10,357.835,15
10,176.417,15
10,85.7087,15
10,40.3543,15
10,17.6772,15
10,6.33859,15
10,0.669312,15
10,357.835,15
10,176.417,15
10,85.7087,15
10,40.3543,15
10,17.6772,15
10,6.33859,15
10,0.669312,15
10,357.835,15
10,176.417,15
10,85.7087,15
10,40.3543,15
10,17.6772,15
10,6.33859,15
10,0.669312,15
10,357.835,15
10,176.417,15
10,85.7087,15
10,40.3543,15
10,17.6772,15
10,6.33859,15
10,0.669312,15
10,357.835,15
10,176.417,15
10,85.7087,15
10,40.3543,15
10,17.6772,15
10,6.33859,15
10,0.669312,15
10,357.835,15
10,176.417,15
10,85.7087,15
10,40.3543,15
10,17.6772,15
10,6.33859,15
10,0.669312,15
10,357.835,15
10,176.417,15
10,85.7087,15
10,40.3543,15
10,17.6772,15
10,6.33859,15
10,0.669312,15
10,357.835,15
10,176.417,15
10,85.7087,15
10,40.3543,15
10,17.6772,15
10,6.33859,15
10,0.669312,15
10,357.835,15
10,176.417,15
10,85.7087,15
10,40.3543,15
10,17.6772,15
10,6.33859,15
10,0.669312,15
10,357.835,15
10,176.417,15
10,85.7087,15
10,40.3543,15
10,17.6772,15
10,6.33859,15
10,0.669312,15
10,357.835,15
10,176.417,15
10,85.7087,15
10,40.3543,15
10,17.6772,15
10,6.33859,15
10,0.669312,15
10,357.835,15
10,176.417,15
10,85.7087,15
10,40.3543,15
10,17.6772,15
10,6.33859,15
10,0.669312,15
10,357.835,15
10,176.417,15
10,85.7087,15
10,40.3543,15
10,17.6772,15
10,6.33859,15
10,0.669312,15
10,357.835,15
10,176.417,15
10,85.7087,15
10,40.3543,15
10,17.6772,15
10,6.33859,15
10,0.669312,15
10,357.835,15
10,176.417,15
10,85.7087,15
10,40.3543,15
10,17.6772,15
10,6.33859,15
10,0.669312,15
10,357.835,15
10,176.417,15
10,85.7087,15
10,40.3543,15
10,17.6772,15
10,6.33859,15
10,0.669312,15
10,357.835,15
10,176.417,15
10,85.7087,15
10,40.3543,15
10,17.6772,15
10,6.33859,15
10,0.669312,15
10,357.835,15
10,176.417,15
10,85.7087,15
10,40.3543,15
10,17.6772,15
10,6.33859,15
10,0.669312,15
10,357.835,15
10,176.417,15
10,85.7087,15
10,40.3543,15
10,17.6772,15
10,6.33859,15
10,0.669312,15
10,357.835,15
10,176.417,15
10,85.7087,15
10,40.3543,15
10,17.6772,15
10,6.33859,15
10,0.669312,15
10,357.835,15
10,176.417,15
10,85.7087,15
10,40.3543,15
10,17.6772,15
10,6.33859,15
10,0.669312,15
10,357.835,15
10,176.417,15
10,85.7087,15
10,40.3543,15
10,17.6772,15
10,6.33859,15
10,0.669312,15
10,357.835,15
10,176.417,15
10,85.7087,15
10,40.3543,15
10,17.6772,15
10,6.33859,15
10,0.669312,15
10,357.835,15
10,176.417,15
10,85.7087,15
10,40.3543,15
10,17.6772,15
10,6.33859,15
10,0.669312,15
10,357.835,15
10,176.417,15
10,85.7087,15
10,40.3543,15
10,17.6772,15
10,6.33859,15
10,0.669312,15
10,357.835,15
10,176.417,15
10,85.7087,15
10,40.3543,15
10,17.6772,15
10,6.33859,15
10,0.669312,15
10,357.835,15
10,176.417,15
10,85.7087,15
10,40.3543,15
10,17.6772,15
10,6.33859,15
10,0.669312,15
10,357.835,15
10,176.417,15
10,85.7087,15
10,40.3543,15
10,17.6772,15
10,6.33859,15
10,0.669312,15
10,357.835,15
10,176.417,15
10,85.7087,15
10,40.3543,15
10,17.6772,15
10,6.33859,15
10,0.669312,15
10,357.835,15
10,176.417,15
10,85.7087,15
10,40.3543,15
10,17.6772,15
10,6.33859,15
10,0.669312,15
10,357.835,15
10,176.417,15
10,85.7087,15
10,40.3543,15
10,17.6772,15
10,6.33859,15
10,0.669312,15
10,357.835,15
10,176.417,15
10,85.7087,15
10,40.3543,15
10,17.6772,15
10,6.33859,15
10,0.669312,15
10,357.835,15
10,176.417,15
10,85.7087,15
10,40.3543,15
10,17.6772,15
10,6.33859,15
10,0.669312,15
10,357.835,15
10,176.417,15
10,85.7087,15
10,40.3543,15
10,17.6772,15
10,6.33859,15
10,0.669312,15
10,357.835,15
10,176.417,15
10,85.7087,15
10,40.3543,15
10,17.6772,15
10,6.33859,15
10,0.669312,15
10,357.835,15
10,176.417,15
10,85.7087,15
10,40.3543,15
10,17.6772,15
10,6.33859,15
10,0.669312,15
10,357.835,15
10,176.417,15
10,85.7087,15
10,40.3543,15
10,17.6772,15
10,6.33859,15
10,0.669312,15
10,357.835,15
10,176.417,15
10,85.7087,15
10,40.3543,15
10,17.6772,15
10,6.33859,15
10,0.669312,15
10,357.835,15
10,176.417,15
10,85.7087,15
10,40.3543,15
10,17.6772,15
10,6.33859,15
10,0.669312,15
10,357.835,15
10,176.417,15
10,85.7087,15
10,40.3543,15
10,17.6772,15
10,6.33859,15
10,0.669312,15
10,357.835,15
10,176.417,15
10,85.7087,15
10,40.3543,15
10,17.6772,15
10,6.33859,15
10,0.669312,15
10,357.835,15
10,176.417,15
10,85.7087,15
10,40.3543,15
10,17.6772,15
10,6.33859,15
10,0.669312,15
10,357.835,15
10,176.417,15
10,85.7087,15
10,40.3543,15
10,17.6772,15
10,6.33859,15
10,0.669312,15
10,357.835,15
10,176.417,15
10,85.7087,15
10,40.3543,15
10,17.6772,15
10,6.33859,15
10,0.669312,15
10,357.835,15
10,176.417,15
10,85.7087,15
10,40.3543,15
10,17.6772,15
10,6.33859,15
10,0.669312,15
10,357.835,15
10,176.417,15
10,85.7087,15
10,40.3543,15
10,17.6772,15
10,6.33859,15
10,0.669312,15
10,357.835,15
10,176.417,15
10,85.7087,15
10,40.3543,15
10,17.6772,15
10,6.33859,15
10,0.669312,15
10,357.835,15
10,176.417,15
10,85.7087,15
10,40.3543,15
10,17.6772,15
10,6.33859,15
10,0.669312,15
10,357.835,15
10,176.417,15
10,85.7087,15
10,40.3543,15
10,17.6772,15
10,6.33859,15
10,0.669312,15
10,357.835,15
10,176.417,15
10,85.7087,15
10,40.3543,15
10,17.6772,15
10,6.33859,15
10,0.669312,15
10,357.835,15
10,176.417,15
10,85.7087,15
10,40.3543,15
10,17.6772,15
10,6.33859,15
10,0.669312,15
10,357.835,15
10,176.417,15
10,85.7087,15
10,40.3543,15
10,17.6772,15
10,6.33859,15
10,0.669312,15
10,357.835,15
10,176.417,15
10,85.7087,15
10,40.3543,15
10,17.6772,15
10,6.33859,15
10,0.669312,15
10,357.835,15
10,176.417,15
10,85.7087,15
10,40.3543,15
10,17.6772,15
10,6.33859,15
10,0.669312,15
10,357.835,15
10,176.417,15
10,85.7087,15
10,40.3543,15
10,17.6772,15
10,6.33859,15
10,0.669312,15
10,357.835,15
10,176.417,15
10,85.7087,15
10,40.3543,15
10,17.6772,15
10,6.33859,15
10,0.669312,15
10,357.835,15
10,176.417,15
10,85.7087,15
10,40.3543,15
10,17.6772,15
10,6.33859,15
10,0.669312,15
10,357.835,15
10,176.417,15
10,85.7087,15
10,40.3543,15
10,17.6772,15
10,6.33859,15
10,0.669312,15
10,357.835,15
10,176.417,15
10,85.7087,15
10,40.3543,15
10,17.6772,15
10,6.33859,15
10,0.669312,15
10,357.835,15
10,176.417,15
10,85.7087,15
10,40.3543,15
10,17.6772,15
10,6.33859,15
10,0.669312,15
10,357.835,15
10,176.417,15
10,85.7087,15
10,40.3543,15
10,17.6772,15
10,6.33859,15
10,0.669312,15
10,357.835,15
10,176.417,15
10,85.7087,15
10,40.3543,15
10,17.6772,15
10,6.33859,15
10,0.669312,15
10,357.835,15
10,176.417,15
10,85.7087,15
10,40.3543,15
10,17.6772,15
10,6.33859,15
10,0.669312,15
10,357.835,15
10,176.417,15
10,85.7087,15
10,40.3543,15
10,17.6772,15
10,6.33859,15
10,0.669312,15
10,357.835,15
10,176.417,15
10,85.7087,15
10,40.3543,15
10,17.6772,15
10,6.33859,15
10,0.669312,15
10,357.835,15
10,176.417,15
10,85.7087,15
10,40.3543,15
10,17.6772,15
10,6.33859,15
10,0.669312,15
10,357.835,15
10,176.417,15
10,85.7087,15
10,40.3543,15
10,17.6772,15
10,6.33859,15
10,0.669312,15
10,357.835,15
10,176.417,15
10,85.7087,15
10,40.3543,15
10,17.6772,15
10,6.33859,15
10,0.669312,15
10,357.835,15
10,176.417,15
10,85.7087,15
10,40.3543,15
10,17.6772,15
10,6.33859,15
10,0.669312,15
10,357.835,15
10,176.417,15
10,85.7087,15
10,40.3543,15
10,17.6772,15
10,6.33859,15
10,0.669312,15
10,357.835,15
10,176.417,15
10,85.7087,15
10,40.3543,15
10,17.6772,15
10,6.33859,15
10,0.669312,15
10,357.835,15
10,176.417,15
10,85.7087,15
10,40.3543,15
10,17.6772,15
10,6.33859,15
10,0.669312,15
10,357.835,15
10,176.417,15
10,85.7087,15
10,40.3543,15
10,17.6772,15
10,6.33859,15
10,0.669312,15
10,357.835,15
10,176.417,15
10,85.7087,15
10,40.3543,15
10,17.6772,15
10,6.33859,15
10,0.669312,15
10,357.835,15
10,176.417,15
10,85.7087,15
10,40.3543,15
10,17.6772,15
10,6.33859,15
10,0.669312,15
10,357.835,15
10,176.417,15
10,85.7087,15
10,40.3543,15
10,17.6772,15
10,6.33859,15
10,0.669312,15
10,357.835,15
10,176.417,15
10,85.7087,15
10,40.3543,15
10,17.6772,15
10,6.33859,15
10,0.669312,15
10,357.835,15
10,176.417,15
10,85.7087,15
10,40.3543,15
10,17.6772,15
10,6.33859,15
10,0.669312,15
10,357.835,15
10,176.417,15
10,85.7087,15
10,40.3543,15
10,17.6772,15
10,6.33859,15
10,0.669312,15
10,357.835,15
10,176.417,15
10,85.7087,15
10,40.3543,15
10,17.6772,15
10,6.33859,15
10,0.669312,15
10,357.835,15
10,176.417,15
10,85.7087,15
10,40.3543,15
10,17.6772,15
10,6.33859,15
10,0.669312,15
10,357.835,15
10,176.417,15
10,85.7087,15
10,40.3543,15
10,17.6772,15
10,6.33859,15
10,0.669312,15
10,357.835,15
10,176.417,15
10,85.7087,15
10,40.3543,15
10,17.6772,15
10,6.33859,15
10,0.669312,15
10,357.835,15
10,176.417,15
10,85.7087